275,B01K4F4VXC,1,1,Data Unavailable,Data Missing,000.00,Not applicable,2018-09-29 19:20:27.690122
275,B01K4F78NC,1,1,Data Unavailable,Data Missing,000.00,Not applicable,2018-09-29 19:20:27.753522
275,B01K4F5KWS,1,1,Data Unavailable,Data Missing,000.00,Not applicable,2018-09-29 19:20:28.114322
275,B01K4F6SHO,1,1,Data Unavailable,Data Missing,000.00,Not applicable,2018-09-29 19:20:28.223522
275,B01K4F5KWS,1,1,Data Unavailable,Data Missing,000.00,Not applicable,2018-09-29 19:20:28.332722
275,B01K4F72RY,1,1,Data Unavailable,Data Missing,000.00,Not applicable,2018-09-29 19:20:28.552122
275,B07BGCWY83,1,1,Data Unavailable,Data Missing,000.00,Not applicable,2018-09-29 19:20:28.989722
275,B01K4F4VXC,1,1,Data Unavailable,Data Missing,000.00,Not applicable,2018-09-29 19:20:29.053122
275,B01N0L50QX,1,1,Data Unavailable,Data Missing,000.00,Not applicable,2018-09-29 19:20:29.100922
275,B01HBF5WBI,1,1,Data Unavailable,Data Missing,000.00,Not applicable,2018-09-29 19:20:29.132122
275,B01N7CJHBT,1,1,Data Unavailable,Data Missing,000.00,Not applicable,2018-09-29 19:20:29.195522
275,B07BGC61TC,1,1,Data Unavailable,Data Missing,000.00,Not applicable,2018-09-29 19:20:29.242322
275,B01K4F4G4Q,1,1,Data Unavailable,Data Missing,000.00,Not applicable,2018-09-29 19:20:29.290122
275,B07DLGX4KK,1,1,Data Unavailable,Data Missing,000.00,Not applicable,2018-09-29 19:20:29.352522
275,B01K4F6N2E,1,1,Data Unavailable,Data Missing,000.00,Not applicable,2018-09-29 19:20:29.399322
275,B01K4F3NPE,1,1,Data Unavailable,Data Missing,000.00,Not applicable,2018-09-29 19:20:29.493922
275,B01K4F55BE,1,1,"Tata Sampann Chicken Masala, 100g",Currently Unavailable.,000.00,4.1 out of 5 stars,2018-09-29 19:20:29.681122
275,B01K4F3W00,1,1,"Tata Sampann Moong Chilka, 500g",In Stock., 54.00,4.2 out of 5 stars,2018-09-29 19:20:29.899522
275,B01K4F3S72,1,1,"Tata Sampann Green Moong, Whole, 500g",In Stock., 52.00,3.9 out of 5 stars,2018-09-29 19:20:30.024322
275,B01K4F7DMS,1,1,"Tata Sampann Kali Masoor, 1kg",In Stock., 89.00,Not applicable,2018-09-29 19:20:30.150122
275,B01N4893Q0,1,1,"Tata Sampann Chilli Powder, 500g",In Stock., 145.00,Not applicable,2018-09-29 19:20:30.293522
275,B01K4F50P0,1,1,"Tata Sampann Meat Masala, 100g",In Stock., 72.00,Not applicable,2018-09-29 19:20:30.482722
275,B01MQQDL4A,1,1,"Tata Sampann Garam Masala, 45g",In Stock., 40.00,Not applicable,2018-09-29 19:20:30.607522
275,B01K4F7IWS,1,1,"Tata Sampann Kabuli, 500g",In Stock., 65.00,3.9 out of 5 stars,2018-09-29 19:20:30.732322
275,B01MTUXLEQ,1,1,"Tata Sampann Dal Tadka Masala, 45g",In Stock., 32.00,4.0 out of 5 stars,2018-09-29 19:20:31.048322
275,B01HBEQ006,1,1,"Tata Sampann Pulses Toor Dal, 1kg",In Stock., 91.00,4.1 out of 5 stars,2018-09-29 19:20:31.205322
275,B01MSTFSXA,1,1,"Tata Sampann Coriander Powder, 500g",In Stock., 120.00,4.2 out of 5 stars,2018-09-29 19:20:31.315522
275,B01MQQDJ2K,1,1,"Tata Sampann Meat Masala, 45g",In Stock., 38.00,4.2 out of 5 stars,2018-09-29 19:20:31.409122
275,B01NBEWANN,1,1,"Tata Sampann Turmeric Powder, 500g",In Stock., 112.00,Not applicable,2018-09-29 19:20:31.768922
275,B01K4F3NPE,1,1,"Tata Sampann Moong Dal Split, 1kg",In Stock., 106.00,4.0 out of 5 stars,2018-09-29 19:20:31.894722
275,B01K4F6SHO,1,1,"Tata Sampann Besan, 1kg",In Stock., 90.00,Not applicable,2018-09-29 19:20:32.074922
275,B07BGCZCB3,1,1,"Tata Sampann Organic Masoor Dal, 500g",In Stock., 69.00,Not applicable,2018-09-29 19:20:32.259922
275,B01K4F3IVS,1,1,"Tata Sampann Toor Dal, 500g",In Stock., 45.00,Not applicable,2018-09-29 19:20:32.557922
275,B01K4F5R3K,1,1,"Tata Sampann Paneer Masala, 100g",In Stock., 66.00,Not applicable,2018-09-29 19:20:32.731522
275,B01HBF5WBI,1,1,"Tata Salt, 1kg",In Stock., 16.00,4.1 out of 5 stars,2018-09-29 19:20:32.924722
275,B01N0GN72Y,1,1,"Tata Salt Pet Jar, 1kg",Currently Unavailable.,000.00,Not applicable,2018-09-29 19:20:33.190922
275,B01K4F2TN6,1,1,"Tata Salt Black Salt, 100g",In Stock., 104.00,Not applicable,2018-09-29 19:20:33.504922
275,B01K4F4G4Q,1,1,"Tata Sampann Masoor Dal, Whole, 1kg",In Stock., 82.00,Not applicable,2018-09-29 19:20:33.718222
275,B01K4F4B9Q,1,1,"Tata Sampann Chana Dal, 500g",Currently Unavailable.,000.00,4.2 out of 5 stars,2018-09-29 19:20:34.470022
275,B01K4F2DQO,1,1,Data Unavailable,Data Missing,000.00,Not applicable,2018-09-29 19:20:34.681222
275,B01K4F3APM,1,1,Data Unavailable,Data Missing,000.00,Not applicable,2018-09-29 19:20:34.759222
275,B01K4F55BE,1,1,"Tata Sampann Chicken Masala, 100g",Currently Unavailable.,000.00,4.1 out of 5 stars,2018-09-29 19:20:35.730422
275,B01K4F4QG4,1,1,"Tata Sampann Besan, 500g",In Stock., 46.00,3.8 out of 5 stars,2018-09-29 19:20:36.028822
275,B01N59O6RL,1,1,"Tata Sampann Pav Bhaji Masala, 100g",Currently Unavailable.,000.00,Not applicable,2018-09-29 19:20:36.170222
275,B01HBEUAI4,1,1,Data Unavailable,Data Missing,000.00,Not applicable,2018-09-29 19:20:36.218022
275,B01K4F3W00,1,1,"Tata Sampann Moong Chilka, 500g",In Stock., 54.00,4.2 out of 5 stars,2018-09-29 19:20:36.359422
275,B01K4F45LU,1,1,"Tata Sampann Chana Dal, 1kg",In Stock., 86.00,3.9 out of 5 stars,2018-09-29 19:20:36.531022
275,B01K4F4VXC,1,1,"Tata Sampann Garam Masala, 100g",In Stock., 56.00,4.1 out of 5 stars,2018-09-29 19:20:36.765022
275,B01N59O6RL,1,1,"Tata Sampann Pav Bhaji Masala, 100g",Currently Unavailable.,000.00,Not applicable,2018-09-29 19:20:36.955222
275,B01K4F62HK,1,1,"Tata Sampann Turmeric Powder Masala, 100g",In Stock., 23.00,Not applicable,2018-09-29 19:20:37.379422
275,B07DLBXGF1,1,1,"Tata Sampann Tamarind Date Chutney, 100g",In Stock., 44.00,Not applicable,2018-09-29 19:20:38.773022
275,B07BGCB6M7,1,1,"Tata Sampann Organic Moong Dal, 1kg",In Stock., 154.00,Not applicable,2018-09-29 19:20:39.055822
275,B07BGD2283,1,1,"Tata Sampann Organic Urad Dal, 500g",In Stock., 68.00,Not applicable,2018-09-29 19:20:39.246022
275,B01K4F66YY,1,1,"Tata Sampann Coriander Powder Masala, 100g",In Stock., 25.00,Not applicable,2018-09-29 19:20:39.433222
275,B01K4F6HJ8,1,1,"Tata Sampann Chilli Powder Masala, 200g",In Stock., 60.00,Not applicable,2018-09-29 19:20:39.621422
275,B07DLMRVBY,1,1,"Tata Sampann Tomato Chutney, 100g",In Stock., 44.00,4.2 out of 5 stars,2018-09-29 19:20:39.989422
275,B01K4F7QWU,1,1,Data Unavailable,Data Missing,000.00,Not applicable,2018-09-29 19:20:40.277222
275,B07BGC5C1Z,1,1,Data Unavailable,Data Missing,000.00,Not applicable,2018-09-29 19:20:40.590222
275,B01HBFXGO8,1,1,Data Unavailable,Data Missing,000.00,Not applicable,2018-09-29 19:20:40.803422
275,B07BGCNMBB,1,1,Data Unavailable,Data Missing,000.00,Not applicable,2018-09-29 19:20:41.315022
275,B01HBFTGPQ,1,1,"Tata Sampann Urad Dal Split, 1kg",In Stock., 98.00,4.1 out of 5 stars,2018-09-29 19:20:41.552022
275,B07B6H751L,1,1,Data Unavailable,Data Missing,000.00,Not applicable,2018-09-29 19:20:42.069822
275,B07B6H75SQ,1,1,"Tata Sampann Multigrain Chilla Mix, 180g",In Stock., 56.00,Not applicable,2018-09-29 19:20:43.317222
275,B01HBFSSUK,1,1,"Tata Sampann Urad Whole, 1kg",In Stock., 94.00,3.9 out of 5 stars,2018-09-29 19:20:44.189222
275,B01MRRRUJK,1,1,"Tata Sampann Pav Bhaji Masala, 45g",Currently Unavailable.,000.00,Not applicable,2018-09-29 19:20:44.456422
275,B078SFQVBR,1,1,"Tata Sampann  Multigrain Khichdi, 200g",Currently Unavailable.,000.00,Not applicable,2018-09-29 19:20:45.137622
275,B01K4F4L96,1,1,Data Unavailable,Data Missing,000.00,Not applicable,2018-09-29 19:20:45.231222
275,B01K4F5WI0,1,1,"Tata Sampann Chilli Powder Masala, 100g",In Stock., 24.00,3.9 out of 5 stars,2018-09-29 19:20:45.481822
275,B01K4F3EYO,1,1,Data Unavailable,Data Missing,000.00,Not applicable,2018-09-29 19:20:45.594022
275,B01MQQDL4A,1,1,Data Unavailable,Data Missing,000.00,Not applicable,2018-09-29 19:20:46.369622
275,B07BGC43KD,1,1,"Tata Sampann Organic Chana Dal, 1kg",In Stock., 135.00,Not applicable,2018-09-29 19:20:46.871822
275,B01K4F59E2,1,1,"Tata Sampann Kitchen King Masala, 100g",In Stock., 56.00,3.8 out of 5 stars,2018-09-29 19:20:47.828422
275,B078SDRVXY,1,1,"Tata Rock Salt, 200g",In Stock., 30.00,4.1 out of 5 stars,2018-09-29 19:20:48.258022
275,B01K4F2XVO,1,1,Data Unavailable,Data Missing,000.00,Not applicable,2018-09-29 19:20:48.429622
275,B01K4F40JW,1,1,Data Unavailable,Data Missing,000.00,Not applicable,2018-09-29 19:20:48.948422
275,B01K4F3264,1,1,"Tata Rock Salt, 100g",In Stock., 117.00,Not applicable,2018-09-29 19:20:49.466222
275,B01HBFTGPQ,1,1,Data Unavailable,Data Missing,000.00,Not applicable,2018-09-29 19:20:49.591022
275,B01K4F5FIC,1,1,Data Unavailable,Data Missing,000.00,Not applicable,2018-09-29 19:20:50.176222
275,B01HBFUCTA,1,1,Data Unavailable,Data Missing,000.00,Not applicable,2018-09-29 19:20:50.914422
275,B01K4F50P0,1,1,"Tata Sampann Meat Masala, 100g",In Stock., 72.00,Not applicable,2018-09-29 19:20:51.499622
275,B078SFTDTY,1,1,Data Unavailable,Data Missing,000.00,Not applicable,2018-09-29 19:20:52.112422
275,B01K4F6CBG,1,1,"Tata Sampann Turmeric Powder Masala, 200g",In Stock., 43.00,Not applicable,2018-09-29 19:20:52.552222
275,B01HBFXKO4,1,1,"Tata Sampann Urad Whole, 500g",In Stock., 50.00,Not applicable,2018-09-29 19:20:53.381422
275,B01HBFUCTA,1,1,"Tata Sampann Urad Dal Split, 500g",In Stock., 46.00,Not applicable,2018-09-29 19:20:54.102022
275,B01HBFSSUK,1,1,"Tata Sampann Urad Whole, 1kg",In Stock., 94.00,3.9 out of 5 stars,2018-09-29 19:20:54.400422
275,B01MXSK7QM,1,1,Data Unavailable,Data Missing,000.00,Not applicable,2018-09-29 19:20:54.565822
275,B01K4F5FIC,1,1,"Tata Sampann Punjabi Chhole Masala, 100g",Currently Unavailable.,000.00,4.2 out of 5 stars,2018-09-29 19:20:54.816422
275,B01N6MVEN4,1,1,"Tata Salt Refill Pack, Black Salt, 100g",Currently Unavailable.,000.00,Not applicable,2018-09-29 19:20:55.931022
275,B01N0L50QX,1,1,Data Unavailable,Data Missing,000.00,Not applicable,2018-09-29 19:20:56.102622
275,B01HBFVM94,1,1,"Tata Sampann Moong Dal Split, 500g",In Stock., 53.00,Not applicable,2018-09-29 19:20:56.464422
