86,B01N0GN72Y,1,5,"Tata Salt Pet Jar, 1kg",Currently Unavailable.,000.00,Not applicable,2018-09-28 18:40:49.807502
86,B01K4F2XVO,1,3,"Tata Salt Refill Black Salt, 100g",Currently Unavailable.,000.00,Not applicable,2018-09-28 18:40:50.541002
86,B07BGD2283,1,5,"Tata Sampann Organic Urad Dal, 500g",In Stock., 68.00,Not applicable,2018-09-28 18:40:50.677502
86,B078SFQVBR,1,3,"Tata Sampann  Multigrain Khichdi, 200g",Currently Unavailable.,000.00,Not applicable,2018-09-28 18:40:50.822502
86,B07BGCNMBB,1,3,"Tata Sampann Organic Toor Dal, 1kg",In Stock., 144.00,Not applicable,2018-09-28 18:40:50.946002
86,B078SDRVXY,1,3,"Tata Rock Salt, 200g",In Stock., 30.00,4.1 out of 5 stars,2018-09-28 18:40:51.081002
86,B07DLGX4KK,1,5,"Tata Sampann Chinese Chutney, 100g",In Stock., 50.00,Not applicable,2018-09-28 18:40:51.203502
86,B01HBFVM94,1,5,"Tata Sampann Moong Dal Split, 500g",In Stock., 53.00,Not applicable,2018-09-28 18:40:51.396002
86,B01N4893Q0,1,3,"Tata Sampann Chilli Powder, 500g",In Stock., 145.00,Not applicable,2018-09-28 18:40:51.533502
86,B01K4F4VXC,1,3,"Tata Sampann Garam Masala, 100g",In Stock., 56.00,4.1 out of 5 stars,2018-09-28 18:40:51.743502
86,B01K4F5R3K,1,5,"Tata Sampann Paneer Masala, 100g",In Stock., 66.00,Not applicable,2018-09-28 18:40:51.928002
86,B01K4F3NPE,1,5,"Tata Sampann Moong Dal Split, 1kg",In Stock., 105.00,4.0 out of 5 stars,2018-09-28 18:40:52.113002
86,B01K4F2DQO,1,5,"Tata Salt Lite Sprinkler, 100g",In Stock., 18.00,Not applicable,2018-09-28 18:40:52.285502
86,B07DLMRVBY,1,3,"Tata Sampann Tomato Chutney, 100g",In Stock., 44.00,4.2 out of 5 stars,2018-09-28 18:40:52.460502
86,B07B6H751L,1,3,"Tata Sampann Moong Dal Chilla Mix, 180g",In Stock., 56.00,Not applicable,2018-09-28 18:40:53.287502
86,B07BGC5C1Z,1,3,"Tata Sampann Organic Chana Dal, 500g",In Stock., 68.00,Not applicable,2018-09-28 18:40:53.590002
86,B01N59O6RL,1,3,"Tata Sampann Pav Bhaji Masala, 100g",Currently Unavailable.,000.00,Not applicable,2018-09-28 18:40:53.732502
86,B07BGC61TC,1,5,"Tata Sampann Organic Moong Dal, 500g",In Stock., 79.00,3.8 out of 5 stars,2018-09-28 18:40:53.956002
86,B01K4F3264,1,3,"Tata Rock Salt, 100g",In Stock., 117.00,Not applicable,2018-09-28 18:40:54.096002
86,B01K4F6SHO,1,3,"Tata Sampann Besan, 1kg",Currently Unavailable.,000.00,Not applicable,2018-09-28 18:40:54.223502
86,B01K4F5WI0,1,3,"Tata Sampann Chilli Powder Masala, 100g",In Stock., 25.00,3.9 out of 5 stars,2018-09-28 18:40:54.419502
86,B01K4F5KWS,1,3,"Tata Sampann Dal Tadka Masala, 100g",In Stock., 48.00,Not applicable,2018-09-28 18:40:54.612002
86,B01K4F3264,1,5,"Tata Rock Salt, 100g",In Stock., 117.00,Not applicable,2018-09-28 18:40:54.804502
86,B01K4F3NPE,1,3,"Tata Sampann Moong Dal Split, 1kg",In Stock., 105.00,4.0 out of 5 stars,2018-09-28 18:40:55.084502
86,B01K4F5R3K,1,3,"Tata Sampann Paneer Masala, 100g",In Stock., 66.00,Not applicable,2018-09-28 18:40:55.264502
86,B01N6MVEN4,1,3,"Tata Salt Refill Pack, Black Salt, 100g",Currently Unavailable.,000.00,Not applicable,2018-09-28 18:40:55.553002
86,B01N6MVEN4,1,5,"Tata Salt Refill Pack, Black Salt, 100g",Currently Unavailable.,000.00,Not applicable,2018-09-28 18:40:55.785502
86,B01N4893Q0,1,5,"Tata Sampann Chilli Powder, 500g",In Stock., 145.00,Not applicable,2018-09-28 18:40:56.005502
86,B07BGCWY83,1,3,"Tata Sampann Organic Toor Dal, 500g",In Stock., 73.00,Not applicable,2018-09-28 18:40:56.178002
86,B01K4F4VXC,1,5,"Tata Sampann Garam Masala, 100g",In Stock., 56.00,4.1 out of 5 stars,2018-09-28 18:40:56.345502
86,B07DLBXGF1,1,3,"Tata Sampann Tamarind Date Chutney, 100g",In Stock., 44.00,Not applicable,2018-09-28 18:40:56.488002
86,B01N7CJHBT,1,3,"Tata Sampann Paneer Masala, 45g",Currently Unavailable.,000.00,3.8 out of 5 stars,2018-09-28 18:40:56.631502
86,B07BGCWY83,1,5,"Tata Sampann Organic Toor Dal, 500g",In Stock., 73.00,Not applicable,2018-09-28 18:40:56.764002
86,B07B6H75SQ,1,3,"Tata Sampann Multigrain Chilla Mix, 180g",In Stock., 56.00,Not applicable,2018-09-28 18:40:56.931502
86,B01MQQDL4A,1,3,"Tata Sampann Garam Masala, 45g",In Stock., 40.00,Not applicable,2018-09-28 18:40:57.099002
86,B01K4F3W00,1,5,"Tata Sampann Moong Chilka, 500g",In Stock., 54.00,4.2 out of 5 stars,2018-09-28 18:40:57.234002
86,B01HBEQ006,1,3,"Tata Sampann Pulses Toor Dal, 1kg",In Stock., 91.00,4.2 out of 5 stars,2018-09-28 18:40:57.379002
86,B07BGCZCB3,1,3,"Tata Sampann Organic Masoor Dal, 500g",In Stock., 69.00,Not applicable,2018-09-28 18:40:59.266002
86,B01K4F2XVO,1,5,"Tata Salt Refill Black Salt, 100g",Currently Unavailable.,000.00,Not applicable,2018-09-28 18:40:59.406002
86,B01MTUXLEQ,1,3,"Tata Sampann Dal Tadka Masala, 45g",In Stock., 32.00,4.0 out of 5 stars,2018-09-28 18:40:59.622002
86,B07B6H75SQ,1,5,"Tata Sampann Multigrain Chilla Mix, 180g",In Stock., 56.00,Not applicable,2018-09-28 18:40:59.792002
86,B01N59O6RL,1,5,"Tata Sampann Pav Bhaji Masala, 100g",Currently Unavailable.,000.00,Not applicable,2018-09-28 18:40:59.962002
86,B01K4F6N2E,1,5,"Tata Sampann Coriander Powder Masala, 200g",In Stock., 50.00,4.0 out of 5 stars,2018-09-28 18:41:00.182002
86,B01K4F62HK,1,3,"Tata Sampann Turmeric Powder Masala, 100g",In Stock., 24.00,Not applicable,2018-09-28 18:41:00.372002
86,B01K4F50P0,1,5,"Tata Sampann Meat Masala, 100g",In Stock., 72.00,Not applicable,2018-09-28 18:41:00.499502
86,B01MQQDL4A,1,5,"Tata Sampann Garam Masala, 45g",In Stock., 40.00,Not applicable,2018-09-28 18:41:01.995002
86,B01HBFTGPQ,1,5,"Tata Sampann Urad Dal Split, 1kg",In Stock., 100.00,4.1 out of 5 stars,2018-09-28 18:41:02.364002
86,B01K4F6CBG,1,5,"Tata Sampann Turmeric Powder Masala, 200g",In Stock., 43.00,Not applicable,2018-09-28 18:41:02.575002
86,B07BGCZCB3,1,5,"Tata Sampann Organic Masoor Dal, 500g",In Stock., 69.00,Not applicable,2018-09-28 18:41:02.762502
86,B01K4F4L96,1,5,"Tata Sampann Masoor Dal, Whole, 500g",In Stock., 43.00,Not applicable,2018-09-28 18:41:04.250502
86,B01K4F6HJ8,1,5,"Tata Sampann Chilli Powder Masala, 200g",In Stock., 60.00,Not applicable,2018-09-28 18:41:05.240002
86,B01HBEQ006,1,5,"Tata Sampann Pulses Toor Dal, 1kg",In Stock., 91.00,4.2 out of 5 stars,2018-09-28 18:41:05.907502
86,B01N0L50QX,1,5,"Tata Sampann Chicken Masala, 45g",Currently Unavailable.,000.00,Not applicable,2018-09-28 18:41:06.190002
86,B01N7CJHBT,1,5,"Tata Sampann Paneer Masala, 45g",Currently Unavailable.,000.00,3.8 out of 5 stars,2018-09-28 18:41:07.325002
86,B01K4F3W00,1,3,"Tata Sampann Moong Chilka, 500g",In Stock., 54.00,4.2 out of 5 stars,2018-09-28 18:41:07.656502
86,B01HBFUCTA,1,3,"Tata Sampann Urad Dal Split, 500g",In Stock., 46.00,Not applicable,2018-09-28 18:41:09.825502
86,B01K4F6SHO,1,5,"Tata Sampann Besan, 1kg",Currently Unavailable.,000.00,Not applicable,2018-09-28 18:41:10.865002
86,B07BGC5C1Z,1,5,"Tata Sampann Organic Chana Dal, 500g",In Stock., 68.00,Not applicable,2018-09-28 18:41:11.280002
86,B01HBF5WBI,1,5,"Tata Salt, 1kg",In Stock., 16.00,4.2 out of 5 stars,2018-09-28 18:41:11.867002
86,B01K4F4G4Q,1,5,"Tata Sampann Masoor Dal, Whole, 1kg",In Stock., 82.00,Not applicable,2018-09-28 18:41:12.757002
86,B01HBFXGO8,1,5,"Tata Sampann Masoor Dal Split, 1kg",In Stock., 85.00,4.0 out of 5 stars,2018-09-28 18:41:13.134002
86,B01K4F72RY,1,3,"Tata Sampann Kabuli, 1kg",In Stock., 129.00,3.9 out of 5 stars,2018-09-28 18:41:13.486502
86,B01K4F3EYO,1,3,"Tata Sampann Urad Kali, 500g",In Stock., 47.00,Not applicable,2018-09-28 18:41:14.518502
86,B01N59O6RL,1,3,"Tata Sampann Pav Bhaji Masala, 100g",Currently Unavailable.,000.00,Not applicable,2018-09-28 18:41:15.918002
86,B01K4F40JW,1,5,"Tata Sampann Masoor Dal Split, 500g",In Stock., 43.00,Not applicable,2018-09-28 18:41:17.142502
86,B01K4F59E2,1,3,"Tata Sampann Kitchen King Masala, 100g",In Stock., 56.00,3.8 out of 5 stars,2018-09-28 18:41:17.415002
86,B01K4F5FIC,1,5,"Tata Sampann Punjabi Chhole Masala, 100g",Currently Unavailable.,000.00,4.2 out of 5 stars,2018-09-28 18:41:18.022502
86,B01K4F45LU,1,3,"Tata Sampann Chana Dal, 1kg",In Stock., 83.00,3.9 out of 5 stars,2018-09-28 18:41:19.847002
86,B078SFTDTY,1,3,"Tata Rock Salt, 500g",In Stock., 57.00,Not applicable,2018-09-28 18:41:20.440502
86,B01MQQDJ2K,1,3,"Tata Sampann Meat Masala, 45g",In Stock., 38.00,4.2 out of 5 stars,2018-09-28 18:41:20.803002
86,B01MXSK7QM,1,3,"Tata Sampann Kitchen King Masala, 45g",In Stock., 28.00,Not applicable,2018-09-28 18:41:21.434002
86,B01K4F7IWS,1,3,"Tata Sampann Kabuli, 500g",In Stock., 65.00,3.9 out of 5 stars,2018-09-28 18:41:22.061002
86,B01K4F3APM,1,5,"Tata Sampann Urad Kali, 1kg",In Stock., 91.00,Not applicable,2018-09-28 18:41:22.828002
86,B01K4F55BE,1,3,"Tata Sampann Chicken Masala, 100g",Currently Unavailable.,000.00,4.1 out of 5 stars,2018-09-28 18:41:23.573002
86,B01N59O6RL,1,5,"Tata Sampann Pav Bhaji Masala, 100g",Currently Unavailable.,000.00,Not applicable,2018-09-28 18:41:24.332502
86,B01K4F3W00,1,3,"Tata Sampann Moong Chilka, 500g",In Stock., 54.00,4.2 out of 5 stars,2018-09-28 18:41:25.055002
86,B01K4F4G4Q,1,3,"Tata Sampann Masoor Dal, Whole, 1kg",In Stock., 82.00,Not applicable,2018-09-28 18:41:25.658502
86,B01K4F78NC,1,5,"Tata Sampann Kala Chana, 1kg",In Stock., 90.00,Not applicable,2018-09-28 18:41:25.934502
86,B07BGCB6M7,1,5,"Tata Sampann Organic Moong Dal, 1kg",In Stock., 154.00,Not applicable,2018-09-28 18:41:27.530002
86,B01HBF5WBI,1,3,"Tata Salt, 1kg",In Stock., 16.00,4.2 out of 5 stars,2018-09-28 18:41:28.340002
86,B01K4F7IWS,1,5,"Tata Sampann Kabuli, 500g",In Stock., 65.00,3.9 out of 5 stars,2018-09-28 18:41:29.344502
86,B01K4F5FIC,1,3,"Tata Sampann Punjabi Chhole Masala, 100g",Currently Unavailable.,000.00,4.2 out of 5 stars,2018-09-28 18:41:29.943002
86,B01K4F3EYO,1,5,"Tata Sampann Urad Kali, 500g",In Stock., 47.00,Not applicable,2018-09-28 18:41:30.416502
86,B01K4F55BE,1,5,"Tata Sampann Chicken Masala, 100g",Currently Unavailable.,000.00,4.1 out of 5 stars,2018-09-28 18:41:31.202502
86,B01K4F3S72,1,3,"Tata Sampann Green Moong, Whole, 500g",In Stock., 52.00,3.9 out of 5 stars,2018-09-28 18:41:32.862002
86,B01K4F7DMS,1,3,"Tata Sampann Kali Masoor, 1kg",In Stock., 89.00,Not applicable,2018-09-28 18:41:33.604002
86,B01K4F2DQO,1,3,"Tata Salt Lite Sprinkler, 100g",In Stock., 18.00,Not applicable,2018-09-28 18:41:34.269002
86,B01NBEWANN,1,5,"Tata Sampann Turmeric Powder, 500g",In Stock., 112.00,Not applicable,2018-09-28 18:41:34.529002
86,B07BGC61TC,1,3,"Tata Sampann Organic Moong Dal, 500g",In Stock., 79.00,3.8 out of 5 stars,2018-09-28 18:41:35.297002
86,B07DLGX4KK,1,3,"Tata Sampann Chinese Chutney, 100g",In Stock., 50.00,Not applicable,2018-09-28 18:41:36.017002
86,B01K4F50P0,1,3,"Tata Sampann Meat Masala, 100g",In Stock., 72.00,Not applicable,2018-09-28 18:41:36.292002
86,B01K4F5FIC,1,3,"Tata Sampann Punjabi Chhole Masala, 100g",Currently Unavailable.,000.00,4.2 out of 5 stars,2018-09-28 18:41:38.076502
86,B07DLBXGF1,1,5,"Tata Sampann Tamarind Date Chutney, 100g",In Stock., 44.00,Not applicable,2018-09-28 18:41:39.336002
86,B01MRRRUJK,1,5,"Tata Sampann Pav Bhaji Masala, 45g",Currently Unavailable.,000.00,Not applicable,2018-09-28 18:41:39.792002
86,B01K4F3S72,1,5,"Tata Sampann Green Moong, Whole, 500g",In Stock., 52.00,3.9 out of 5 stars,2018-09-28 18:41:40.147002
86,B01K4F4L96,1,3,"Tata Sampann Masoor Dal, Whole, 500g",In Stock., 43.00,Not applicable,2018-09-28 18:41:40.801502
86,B01K4F7QWU,1,5,"Tata Sampann Rajma, 500g",In Stock., 75.00,4.2 out of 5 stars,2018-09-28 18:41:41.648502
86,B01K4F7DMS,1,5,"Tata Sampann Kali Masoor, 1kg",In Stock., 89.00,Not applicable,2018-09-28 18:41:41.922002
86,B01N0L50QX,1,3,"Tata Sampann Chicken Masala, 45g",Currently Unavailable.,000.00,Not applicable,2018-09-28 18:41:42.754502
86,B01HBFUCTA,1,5,"Tata Sampann Urad Dal Split, 500g",In Stock., 46.00,Not applicable,2018-09-28 18:41:43.728002
86,B01HBFXKO4,1,3,"Tata Sampann Urad Whole, 500g",In Stock., 50.00,Not applicable,2018-09-28 18:41:44.019002
86,B01HBFXKO4,1,5,"Tata Sampann Urad Whole, 500g",In Stock., 50.00,Not applicable,2018-09-28 18:41:44.326502
86,B01HBFUCTA,1,5,"Tata Sampann Urad Dal Split, 500g",In Stock., 46.00,Not applicable,2018-09-28 18:41:44.601502
86,B01N0L50QX,1,3,"Tata Sampann Chicken Masala, 45g",Currently Unavailable.,000.00,Not applicable,2018-09-28 18:41:45.158002
86,B01N0L50QX,1,5,"Tata Sampann Chicken Masala, 45g",Currently Unavailable.,000.00,Not applicable,2018-09-28 18:41:46.085502
86,B01K4F55BE,1,5,"Tata Sampann Chicken Masala, 100g",Currently Unavailable.,000.00,4.1 out of 5 stars,2018-09-28 18:41:48.377002
86,B07DLMRVBY,1,5,"Tata Sampann Tomato Chutney, 100g",In Stock., 44.00,4.2 out of 5 stars,2018-09-28 18:41:48.752002
86,B01MQQDL4A,1,3,"Tata Sampann Garam Masala, 45g",In Stock., 40.00,Not applicable,2018-09-28 18:41:49.234502
86,B01K4F50P0,1,5,"Tata Sampann Meat Masala, 100g",In Stock., 72.00,Not applicable,2018-09-28 18:41:49.821502
86,B01MQQDL4A,1,5,"Tata Sampann Garam Masala, 45g",In Stock., 40.00,Not applicable,2018-09-28 18:41:50.652502
86,B01K4F4VXC,1,3,"Tata Sampann Garam Masala, 100g",In Stock., 56.00,4.1 out of 5 stars,2018-09-28 18:41:50.846002
86,B01NBEWANN,1,3,"Tata Sampann Turmeric Powder, 500g",In Stock., 112.00,Not applicable,2018-09-28 18:41:51.878002
86,B01HBFTGPQ,1,5,"Tata Sampann Urad Dal Split, 1kg",In Stock., 100.00,4.1 out of 5 stars,2018-09-28 18:41:52.100502
86,B01K4F4VXC,1,5,"Tata Sampann Garam Masala, 100g",In Stock., 56.00,4.1 out of 5 stars,2018-09-28 18:41:52.372002
86,B01K4F50P0,1,3,"Tata Sampann Meat Masala, 100g",In Stock., 72.00,Not applicable,2018-09-28 18:41:54.140502
